roof_type,azimuth,pitch,panel_width,gap,viable_pv_area_m2,avg_fractional_sun,estimated_annual_yield_kwh
sawtooth,-45,15,8,4,11888.49274196369,0.7002713,1142160.1591663081
sawtooth,-45,15,8,8,8838.920712039122,0.7555665,916539.4329550053
sawtooth,-45,15,8,10,7804.280247524906,0.74927616,802497.6861041927
sawtooth,-45,15,8,12,7238.538216731133,0.74503696,740099.2134501135
sawtooth,-45,15,8,14,6475.574480855328,0.7510408,667442.5390955232
sawtooth,-45,15,8,16,6046.516894193901,0.77296364,641451.6531174133
sawtooth,-45,15,8,20,5068.849141357441,0.7635477,531172.4563636787
sawtooth,-45,30,8,4,11580.309421624559,0.59370184,973260.6539266002
sawtooth,-45,30,8,8,8878.651418530744,0.6528183,821175.2230958585
sawtooth,-45,30,8,10,7831.354801545408,0.6660823,739120.015403981
sawtooth,-45,30,8,12,7263.7804322214015,0.6769595,696807.7997695707
sawtooth,-45,30,8,14,6498.734038344019,0.68859583,634182.8547096819
sawtooth,-45,30,8,16,6066.512413564811,0.6953771,597857.3434249671
sawtooth,-45,30,8,20,5069.730265896571,0.70422435,506002.505304116
sawtooth,-45,45,8,4,10167.89682373775,0.5039309,718785.3567972243
sawtooth,-45,45,8,8,8722.872605124325,0.5290051,647792.1974511837
sawtooth,-45,45,8,10,7830.814111487306,0.55479527,610284.2799605468
sawtooth,-45,45,8,12,7275.345191797466,0.559741,572111.4014356981
sawtooth,-45,45,8,14,6512.151162008025,0.5767999,527885.4876668659
sawtooth,-45,45,8,16,6066.732694699594,0.58617246,499855.54043667705
sawtooth,-45,45,8,20,5074.6765786503165,0.60531867,431907.570386061
sawtooth,-45,15,12,4,13276.343993322283,0.6835229,1244787.148944736
sawtooth,-45,15,12,8,10746.134802540986,0.7201664,1061906.1427867017
sawtooth,-45,15,12,10,9724.961525585046,0.7335583,978946.9048962012
sawtooth,-45,15,12,12,8981.332465675805,0.759405,936049.7915459104
sawtooth,-45,15,12,14,8176.715569768459,0.7449457,835919.7567534451
sawtooth,-45,15,12,16,7658.924736905226,0.75560373,794220.6714921863
sawtooth,-45,15,12,20,6515.3953023566355,0.7789772,696577.6279335052
sawtooth,-45,30,12,4,12422.874749387563,0.58043647,1020490.0862506444
sawtooth,-45,30,12,8,10736.462458168276,0.6058167,920942.6310015114
sawtooth,-45,30,12,10,9748.201185304566,0.62776256,866741.9000771926
sawtooth,-45,30,12,12,9001.55827896035,0.6564148,837159.0937058937
sawtooth,-45,30,12,14,8187.168910891759,0.6534872,758001.8359080376
sawtooth,-45,30,12,16,7659.976078684867,0.6630609,719647.0517748697
sawtooth,-45,30,12,20,6534.379531063318,0.6960175,644561.0748494599
sawtooth,-45,45,12,4,10754.205102297097,0.5047891,761547.8239291284
sawtooth,-45,45,12,8,9889.781878296388,0.5082928,705272.7300365336
sawtooth,-45,45,12,10,9325.571802667237,0.52483284,687010.3390844612
sawtooth,-45,45,12,12,8862.981419624648,0.55106235,686019.0874340131
sawtooth,-45,45,12,14,8180.98101356015,0.55023164,632263.6530044811
sawtooth,-45,45,12,16,7664.972455332882,0.5639056,607288.959988587
sawtooth,-45,45,12,20,6541.829038530497,0.6011181,552878.7321244006
sawtooth,-45,15,18,4,14461.366383440756,0.66735095,1323569.0790374652
sawtooth,-45,15,18,8,12271.020945291808,0.7056562,1188030.5528015757
sawtooth,-45,15,18,10,11380.184010674944,0.71061206,1109565.1104706125
sawtooth,-45,15,18,12,10514.609317106055,0.7181276,1036071.3898163708
sawtooth,-45,15,18,14,9951.740953843306,0.74659556,1019644.2090506029
sawtooth,-45,15,18,16,9519.269009592754,0.7513511,981565.071154804
sawtooth,-45,15,18,20,8409.732959252595,0.7650087,882958.4695954705
sawtooth,-45,30,18,4,13283.24279795251,0.5647193,1061267.8225579497
sawtooth,-45,30,18,8,11824.941634579029,0.6047123,1012441.9644953689
sawtooth,-45,30,18,10,11229.19130556061,0.60738397,965723.5845893805
sawtooth,-45,30,18,12,10493.862839321115,0.6187404,919516.7889763038
sawtooth,-45,30,18,14,9970.725182549988,0.6501294,918355.9727840972
sawtooth,-45,30,18,16,9529.722350716054,0.65196264,880229.0173527364
sawtooth,-45,30,18,20,8412.937048485792,0.67638767,806360.2184731859
sawtooth,-45,45,18,4,11494.239574597848,0.48617622,783451.1335993182
sawtooth,-45,45,18,8,10795.077265578046,0.51467633,779651.0748369582
sawtooth,-45,45,18,10,10434.947648545734,0.5078807,743537.4757610731
sawtooth,-45,45,18,12,9875.613796218353,0.51520103,713983.0378936798
sawtooth,-45,45,18,14,9582.719989188876,0.55160975,742474.998536288
sawtooth,-45,45,18,16,9325.531751551822,0.5715685,749010.6499780254
sawtooth,-45,45,18,20,8399.189503119613,0.5821332,687215.1111063855
sawtooth,0,15,8,4,11734.255896500743,0.7477187,1228783.7349002322
sawtooth,0,15,8,8,8846.570475083376,0.7953122,985425.0205456569
sawtooth,0,15,8,10,7783.323501384038,0.803245,875630.7933459473
sawtooth,0,15,8,12,6939.847010745344,0.8098315,787133.2868747495
sawtooth,0,15,8,14,6474.823522441298,0.81498796,739058.0304825897
sawtooth,0,15,8,16,5870.131781906493,0.80678135,663299.3068212552
sawtooth,0,15,8,20,5033.183623080436,0.79920506,563392.0959757825
sawtooth,0,30,8,4,11328.457995116545,0.64353466,1067022.2643082326
sawtooth,0,30,8,8,8903.663340107378,0.7143184,931298.0101495342
sawtooth,0,30,8,10,7822.94406730827,0.7467084,855390.677121845
sawtooth,0,30,8,12,6981.229825747834,0.75882137,775728.1339024444
sawtooth,0,30,8,14,6516.316478011179,0.76052296,725690.3863675107
sawtooth,0,30,8,16,5910.54335736017,0.75710773,655275.9468283874
sawtooth,0,30,8,20,5051.446931709649,0.74851024,553676.8760116012
sawtooth,0,45,8,4,10263.76918126227,0.5868305,879822.7741062186
sawtooth,0,45,8,8,8594.97938082556,0.65403676,821831.6426563311
sawtooth,0,45,8,10,7707.07619041284,0.6617161,745628.5928256293
sawtooth,0,45,8,12,6974.200854992511,0.68139535,694874.4495576995
sawtooth,0,45,8,14,6528.892528251471,0.7023817,670594.7091790085
sawtooth,0,45,8,16,5924.481145524571,0.704637,610471.9747829442
sawtooth,0,45,8,20,5064.343390873261,0.71890515,532421.5156650249
sawtooth,0,15,12,4,13074.786754996585,0.7384812,1352197.1006691162
sawtooth,0,15,12,8,10476.680910808107,0.77258575,1133647.0986849002
sawtooth,0,15,12,10,9729.337109944128,0.7956159,1084170.5814652578
sawtooth,0,15,12,12,8950.543170700566,0.7768694,973883.4339939518
sawtooth,0,15,12,14,7967.859015658386,0.80785406,901528.9572135842
sawtooth,0,15,12,16,7676.797547159144,0.80514807,865690.5773780021
sawtooth,0,15,12,20,6462.92834116306,0.818009,740429.8397893626
sawtooth,0,30,12,4,12128.639229991684,0.6521394,1157765.1125425426
sawtooth,0,30,12,8,10330.714620678347,0.6828464,1032816.8958851495
sawtooth,0,30,12,10,9728.846483780295,0.7052599,1004677.0502103762
sawtooth,0,30,12,12,8990.954746154244,0.69674677,917237.7815837569
sawtooth,0,30,12,14,8007.26931322669,0.7373865,864615.3596341031
sawtooth,0,30,12,16,7695.060855788358,0.7446971,839141.6530600291
sawtooth,0,30,12,20,6481.191649792274,0.7553692,716892.845134201
sawtooth,0,45,12,4,10696.321227743652,0.6101078,953610.7554431795
sawtooth,0,45,12,8,9792.477693395786,0.62104,888799.0625289396
sawtooth,0,45,12,10,9351.625053244656,0.64404935,880449.7545922515
sawtooth,0,45,12,12,8764.005100655471,0.64157045,821930.6841515835
sawtooth,0,45,12,14,7885.814305730876,0.6752392,778579.2598064177
sawtooth,0,45,12,16,7639.189549784513,0.70018023,782171.2859970877
sawtooth,0,45,12,20,6495.129437956674,0.71210957,676381.0097576109
sawtooth,0,15,18,4,14077.896978900388,0.7108001,1401144.625895234
sawtooth,0,15,18,8,12117.865479945067,0.7393236,1254666.237277876
sawtooth,0,15,18,10,11670.53457187557,0.7757869,1268067.2191363869
sawtooth,0,15,18,12,10417.405259993991,0.7948402,1159712.9093366694
sawtooth,0,15,18,14,9956.947598847248,0.76754683,1070373.2465414233
sawtooth,0,15,18,16,9559.430265575089,0.7935347,1062451.9645731037
sawtooth,0,15,18,20,8324.80456901521,0.8152203,950491.4810928268
sawtooth,0,30,18,4,12818.840101937392,0.62969863,1181256.175444958
sawtooth,0,30,18,8,11596.460033915635,0.64759016,1099194.2009020932
sawtooth,0,30,18,10,11386.051499083233,0.6861268,1143814.6510596788
sawtooth,0,30,18,12,10317.898263745567,0.72106045,1089426.132660157
sawtooth,0,30,18,14,9907.594611877184,0.68636674,995641.8554317441
sawtooth,0,30,18,16,9565.528047897013,0.7127693,998353.2469693325
sawtooth,0,30,18,20,8341.736178056877,0.7547622,921949.2363584995
sawtooth,0,45,18,4,11520.54314464661,0.5950933,1001595.4851305501
sawtooth,0,45,18,8,10663.619492007352,0.5925633,923115.8193214472
sawtooth,0,45,18,10,10780.23832731681,0.63401574,999041.9276509644
sawtooth,0,45,18,12,9941.978494460913,0.65672207,954551.782474926
sawtooth,0,45,18,14,9556.075984659086,0.6305635,880739.8726847069
sawtooth,0,45,18,16,9309.79166319375,0.6615413,900445.7813113923
sawtooth,0,45,18,20,8231.835917358274,0.7048241,848452.6611456842
sawtooth,45,15,8,4,11718.716063719747,0.7115445,1122868.78449343
sawtooth,45,15,8,8,8724.915212010488,0.73847,867838.1115831702
sawtooth,45,15,8,10,7887.196069212692,0.7365982,782513.984090937
sawtooth,45,15,8,12,7265.592745193927,0.75989777,743750.8065175501
sawtooth,45,15,8,14,6339.530854569622,0.7415342,633201.7955926919
sawtooth,45,15,8,16,5723.985261757367,0.75995195,585984.3130625023
sawtooth,45,15,8,20,5300.224435109566,0.7503906,535747.3040679286
sawtooth,45,30,8,4,11659.750809050098,0.61608577,983995.077903148
sawtooth,45,30,8,8,8740.515121464607,0.69018793,827211.51308394
sawtooth,45,30,8,10,7912.658565837742,0.69312835,752073.7623112834
sawtooth,45,30,8,12,7287.901216480051,0.7081996,707845.8679577007
sawtooth,45,30,8,14,6365.564079589335,0.71087646,620612.4468725605
sawtooth,45,30,8,16,5749.85828231542,0.7163831,564949.0472664795
sawtooth,45,30,8,20,5323.9947721083345,0.72667575,530657.178780177
sawtooth,45,45,8,4,10637.946727026372,0.5276195,753168.7392907174
sawtooth,45,45,8,8,8702.076063445116,0.57792944,675811.2579378678
sawtooth,45,45,8,10,7916.543524032991,0.5908286,628714.9179898801
sawtooth,45,45,8,12,7287.901216480051,0.61913776,606865.925581852
sawtooth,45,45,8,14,6377.259005290498,0.63772804,547152.9159052817
sawtooth,45,45,8,16,5751.980991432412,0.6373883,493240.0792188495
sawtooth,45,45,8,20,5332.004995191323,0.67615384,485286.2799257726
sawtooth,45,15,12,4,13402.404879090816,0.6879164,1241233.2843306686
sawtooth,45,15,12,8,10720.802472041034,0.738081,1065797.6202660946
sawtooth,45,15,12,10,9581.3081873705,0.7318293,944404.2899771115
sawtooth,45,15,12,12,8763.504461712784,0.75363874,889667.2330399101
sawtooth,45,15,12,14,7773.761297578721,0.76743436,803691.4224772071
sawtooth,45,15,12,16,7701.368906466211,0.747615,775562.7327808124
sawtooth,45,15,12,20,6533.999045466877,0.7765854,683598.863864049
sawtooth,45,30,12,4,12781.38229624557,0.60533106,1059602.421062783
sawtooth,45,30,12,8,10743.110943327158,0.6576415,968431.786797799
sawtooth,45,30,12,10,9607.341412390213,0.6691462,881327.5811460585
sawtooth,45,30,12,12,8789.377482270838,0.6930536,835312.5159661702
sawtooth,45,30,12,14,7779.288351505982,0.718699,766832.680024104
sawtooth,45,30,12,16,7725.13924346498,0.7161374,758767.531673215
sawtooth,45,30,12,20,6543.831594301244,0.75624853,678877.3098862331
sawtooth,45,45,12,4,11361.640344237827,0.5258302,801631.6429606364
sawtooth,45,45,12,8,10190.525703947193,0.55385125,757960.6482443445
sawtooth,45,45,12,10,9370.999780326636,0.5622201,707697.9729994772
sawtooth,45,45,12,12,8756.295260938095,0.58890593,693113.6436600912
sawtooth,45,45,12,14,7781.411060622974,0.61911035,647931.636407303
sawtooth,45,45,12,16,7733.149466547969,0.6251224,650235.1381102402
sawtooth,45,45,12,20,6544.232105455394,0.67100936,591049.3379335831
sawtooth,45,15,18,4,14403.071984954306,0.70204866,1361530.3293279884
sawtooth,45,15,18,8,12004.801181128683,0.73272187,1184732.8914083766
sawtooth,45,15,18,10,11259.790357737627,0.74826664,1134904.841735747
sawtooth,45,15,18,12,10329.54312555246,0.75189215,1046209.9980492046
sawtooth,45,15,18,14,9723.389519305008,0.78269595,1025304.5426134301
sawtooth,45,15,18,16,9567.690808129419,0.7350664,947256.6602138436
sawtooth,45,15,18,20,8170.948209148707,0.7383364,812589.0272249002
sawtooth,45,30,18,4,13361.402549684768,0.61539644,1126325.5237210481
sawtooth,45,30,18,8,11824.651263992271,0.63318413,1025913.0984826968
sawtooth,45,30,18,10,11256.295897917671,0.6671214,1029444.2855225541
sawtooth,45,30,18,12,10329.54312555246,0.686426,972234.1057716785
sawtooth,45,30,18,14,9733.222068139377,0.7140089,953146.7258048232
sawtooth,45,30,18,16,9578.224251483549,0.6794605,892305.5107059391
sawtooth,45,30,18,20,8170.948209148707,0.69041896,773567.6826644678
sawtooth,45,45,18,4,11821.206868066587,0.5370337,852130.8279386649
sawtooth,45,45,18,8,10923.511179934914,0.54015154,792067.3318686236
sawtooth,45,45,18,10,10720.702344252495,0.5748647,828102.9908592708
sawtooth,45,45,18,12,9948.596941283231,0.59111345,790482.1268944283
sawtooth,45,45,18,14,9519.499303506389,0.6244943,799625.833895486
sawtooth,45,45,18,16,9453.885563677859,0.5803218,737278.6946816886
sawtooth,45,45,18,20,8170.948209148707,0.59977174,658867.7140003509
