azimuth,southern_most_pitch,northern_most_pitch,pitch_change,panel_width,gap,viable_pv_area_m2,avg_fractional_sun,estimated_annual_yield_kwh
-45,15,20,0.5,8,4,11910.757918659023,0.67392707,1113516.9753463687
-45,15,20,1.0,8,4,11906.792655975458,0.67819345,1117111.4790654674
-45,15,20,2.0,8,4,11903.017645794383,0.6832596,1121540.5719462298
-45,15,20,0.5,8,8,8856.153858216121,0.73584974,904518.1836637094
-45,15,20,1.0,8,8,8851.14721341364,0.7388524,905113.8227770963
-45,15,20,2.0,8,8,8846.260728086416,0.7396972,902800.7889002255
-45,15,20,0.5,8,10,7818.9773209337445,0.7310245,793200.3027554819
-45,15,20,1.0,8,10,7817.295088280111,0.7324002,792338.6036494777
-45,15,20,2.0,8,10,7815.052111408597,0.73411655,791378.9139537454
-45,15,20,0.5,8,12,7233.600410627432,0.72928226,732072.8136867904
-45,15,20,1.0,8,12,7231.737938760909,0.7305966,730993.6090720291
-45,15,20,2.0,8,12,7231.35743375592,0.73212326,730341.982407209
-45,15,20,0.5,8,14,6485.767889770153,0.73603374,662334.8689141653
-45,15,20,1.0,8,14,6484.285922908618,0.7371727,661328.1019254125
-45,15,20,2.0,8,14,6483.895404614024,0.7385708,660487.6092446225
-45,15,20,0.5,8,16,6054.855984910047,0.75260156,632565.3847572844
-45,15,20,1.0,8,16,6053.203792125226,0.7596601,636467.9628329633
-45,15,20,2.0,8,16,6050.910748805688,0.76085645,635241.0795186993
-45,15,20,0.5,8,20,5068.266586711957,0.7514391,528747.0089583216
-45,15,20,1.0,8,20,5068.256573422352,0.7517627,527339.2258181749
-45,15,20,2.0,8,20,5067.5256032811885,0.7521517,525688.7854324159
-45,15,20,0.5,12,4,13292.421658221045,0.6515803,1201182.0745833446
-45,15,20,1.0,12,4,13288.366275931035,0.6575224,1208375.0966529136
-45,15,20,2.0,12,4,13284.431053116283,0.6640438,1216087.0281403225
-45,15,20,0.5,12,8,10745.972018650958,0.69687235,1039024.8776808388
-45,15,20,1.0,12,8,10744.069493626013,0.7004813,1041326.6615098894
-45,15,20,2.0,12,8,10743.638922173002,0.7044925,1043863.0615844135
-45,15,20,0.5,12,10,9735.591044351471,0.7122283,962078.8074027897
-45,15,20,1.0,12,10,9734.11909077954,0.71551543,963592.1734811186
-45,15,20,2.0,12,10,9733.69853261613,0.7189833,965137.0295730339
-45,15,20,0.5,12,12,8989.040224563625,0.7206447,899037.7685030183
-45,15,20,1.0,12,12,8987.287898882756,0.73604834,915458.3115908301
-45,15,20,2.0,12,12,8984.974828984008,0.7386654,915451.5744732427
-45,15,20,0.5,12,14,8178.013833009405,0.72918665,827402.9664447648
-45,15,20,1.0,12,14,8176.57191930629,0.73079944,827033.0888262735
-45,15,20,2.0,12,14,8176.211440880512,0.7323155,826255.4933465759
-45,15,20,0.5,12,16,7659.215285286513,0.7338775,780259.4462747428
-45,15,20,1.0,12,16,7659.245325155327,0.74134326,785907.2239916718
-45,15,20,2.0,12,16,7658.534381593375,0.74265355,784571.1900303729
-45,15,20,0.5,12,20,6524.659506595841,0.7458707,675433.3339623191
-45,15,20,1.0,12,20,6521.335094446992,0.7518318,678580.6481248202
-45,15,20,2.0,12,20,6518.691585991281,0.75296116,677238.6784927741
-45,15,20,0.5,18,4,14334.67493333314,0.63151884,1255025.240007438
-45,15,20,1.0,18,4,14364.865001492111,0.63677895,1264681.0433343933
-45,15,20,2.0,18,4,14401.643814211151,0.6425865,1275269.6076354878
-45,15,20,0.5,18,8,12269.40391244009,0.68002474,1157381.330271607
-45,15,20,1.0,18,8,12267.961998736975,0.6846181,1162029.4034697553
-45,15,20,2.0,18,8,12267.601520311197,0.689518,1166669.6396013517
-45,15,20,0.5,18,10,11380.804566316197,0.6841674,1080273.714089174
-45,15,20,1.0,18,10,11380.854632764223,0.688091,1083468.5590867861
-45,15,20,2.0,18,10,11380.16371578148,0.69204354,1086085.1527729419
-45,15,20,0.5,18,12,10514.414696536121,0.6931652,1011287.6849852165
-45,15,20,1.0,18,12,10514.41469653612,0.7009257,1019740.5266876848
-45,15,20,2.0,18,12,10514.344603508885,0.7044014,1021431.938735517
-45,15,20,0.5,18,14,9957.415448970283,0.71501625,987924.277474078
-45,15,20,1.0,18,14,9954.091036821432,0.7180623,989139.0029367332
-45,15,20,2.0,18,14,9951.447528365721,0.72559977,996169.7876531645
-45,15,20,0.5,18,16,9517.952194787533,0.7270112,960208.3038917113
-45,15,20,1.0,18,16,9516.510281084418,0.7296889,961024.0496060376
-45,15,20,2.0,18,16,9516.149802658641,0.73247737,961692.0436473697
-45,15,20,0.5,18,20,8412.605181874549,0.73682797,860012.3874905714
-45,15,20,1.0,18,20,8412.605181874549,0.73849946,859386.5379404273
-45,15,20,2.0,18,20,8412.60518187455,0.7474998,867380.4272813436
0,15,20,0.5,8,4,11736.77701177274,0.71703625,1194483.6047007625
0,15,20,1.0,8,4,11750.935803274162,0.7221539,1200013.4335036164
0,15,20,2.0,8,4,11730.86917090581,0.72898173,1204376.9387064537
0,15,20,0.5,8,8,8871.213845781991,0.7745584,975727.042216612
0,15,20,1.0,8,8,8871.213845781991,0.7773901,975442.0539584727
0,15,20,2.0,8,8,8846.581153353773,0.78175324,974093.9958473507
0,15,20,0.5,8,10,7783.279943492041,0.78478396,867291.4479566957
0,15,20,1.0,8,10,7783.249903623225,0.78638214,865786.3485417004
0,15,20,2.0,8,10,7783.239890333621,0.7890066,865097.4603601409
0,15,20,0.5,8,12,6964.393119597922,0.79254353,783518.2677606961
0,15,20,1.0,8,12,6964.363079729107,0.7937578,781667.1552507736
0,15,20,2.0,8,12,6939.720374011285,0.79636836,778642.3122137778
0,15,20,0.5,8,14,6499.866601533944,0.7983056,736531.2893695056
0,15,20,1.0,8,14,6499.866601533945,0.7991613,734384.4656655964
0,15,20,2.0,8,14,6474.873430679951,0.8014293,730834.7518218051
0,15,20,0.5,8,16,5894.6633778098,0.79233325,663063.9105660504
0,15,20,1.0,8,16,5894.663377809799,0.7925528,660896.4439104269
0,15,20,2.0,8,16,5870.030685381583,0.79420537,657001.9496910349
0,15,20,0.5,8,20,5032.999780723267,0.7757304,554487.4610823621
0,15,20,1.0,8,20,5032.999780723266,0.7752886,551935.0968359287
0,15,20,2.0,8,20,5032.999780723265,0.7760261,550318.4840070185
0,15,20,0.5,12,4,12914.089537076616,0.7080267,1297919.9440923564
0,15,20,1.0,12,4,12962.333566393343,0.71266556,1306389.6430071646
0,15,20,2.0,12,4,12993.52496351281,0.7186408,1314943.8545778955
0,15,20,0.5,12,8,10501.247220705589,0.7424191,1106857.2019748332
0,15,20,1.0,12,8,10501.217180836773,0.746068,1107730.4659854476
0,15,20,2.0,12,8,10476.574475118954,0.7513598,1109000.7535850857
0,15,20,0.5,12,10,9754.466095256832,0.76632905,1061211.0621069742
0,15,20,1.0,12,10,9754.466095256832,0.768821,1060402.2001121733
0,15,20,2.0,12,10,9729.472924402835,0.7731632,1059470.6300286858
0,15,20,0.5,12,12,8975.071685564699,0.7526665,959117.7949677977
0,15,20,1.0,12,12,8975.071685564697,0.75446427,957846.8512288131
0,15,20,2.0,12,12,8950.438993136482,0.75793624,955876.4460092441
0,15,20,0.5,12,14,7991.976925438742,0.7892749,895765.0783606615
0,15,20,1.0,12,14,7967.704711436304,0.79106236,891737.2247088918
0,15,20,2.0,12,14,7967.704711436305,0.79368854,891206.8991021543
0,15,20,0.5,12,16,7676.628395909547,0.7902592,861309.0099256624
0,15,20,1.0,12,16,7676.628395909548,0.7906088,858370.7058177673
0,15,20,2.0,12,16,7676.628395909548,0.79190254,856393.1778921919
0,15,20,0.5,12,20,6462.89753631241,0.79158616,726671.6448187323
0,15,20,1.0,12,20,6462.897536312411,0.79172665,724051.2361889502
0,15,20,2.0,12,20,6462.897536312411,0.79262793,721714.9608452581
0,15,20,0.5,18,4,13814.154099798194,0.6742211,1321763.2915064446
0,15,20,1.0,18,4,13899.98801829196,0.67718655,1330627.2918104986
0,15,20,2.0,18,4,13961.239310805537,0.68225807,1340969.228826272
0,15,20,0.5,18,8,12061.157528525611,0.7023301,1202420.709400251
0,15,20,1.0,18,8,12071.521283266753,0.70589435,1204970.6338485316
0,15,20,2.0,18,8,12100.329517460237,0.71260655,1214375.7565034635
0,15,20,0.5,18,10,11670.368875112605,0.74597025,1235672.358583528
0,15,20,1.0,18,10,11670.368875112605,0.74926704,1236494.6960640398
0,15,20,2.0,18,10,11670.368875112605,0.7540945,1239774.4308184984
0,15,20,0.5,18,12,10441.888439927352,0.77007675,1141807.8033992024
0,15,20,1.0,18,12,10441.858400058536,0.7729691,1141568.0617197568
0,15,20,2.0,18,12,10417.215694340715,0.7818126,1147223.6825536215
0,15,20,0.5,18,14,9956.814651593984,0.73484325,1038872.4422689888
0,15,20,1.0,18,14,9956.814651593984,0.73658407,1037378.3142060161
0,15,20,2.0,18,14,9956.814651593984,0.73936105,1036969.0591310384
0,15,20,0.5,18,16,9559.357147304068,0.7634757,1035978.7295250531
0,15,20,1.0,18,16,9559.327107435254,0.7649445,1034032.719582616
0,15,20,2.0,18,16,9559.317094145646,0.76784474,1034201.9992021085
0,15,20,0.5,18,20,8324.798645328601,0.78851634,931952.2353024832
0,15,20,1.0,18,20,8324.768605459785,0.7892955,928582.6076153782
0,15,20,2.0,18,20,8324.758592170183,0.79075974,926527.725635099
45,15,20,0.5,8,4,11735.455257544882,0.67147017,1068701.719218345
45,15,20,1.0,8,4,11731.369835386056,0.6776118,1075974.8114760302
45,15,20,2.0,8,4,11726.002712157795,0.69626105,1102822.2377536804
45,15,20,0.5,8,8,8735.87422348127,0.71849537,851747.672332972
45,15,20,1.0,8,8,8735.373559001024,0.7206384,852560.8018308809
45,15,20,2.0,8,8,8734.212017406844,0.73003995,861574.7455679785
45,15,20,0.5,8,10,7894.517577713608,0.7111061,761681.7044131064
45,15,20,1.0,8,10,7892.20450781486,0.7121752,761187.1448077272
45,15,20,2.0,8,10,7891.01292635187,0.72686154,774901.5974716172
45,15,20,0.5,8,12,7278.259682265581,0.7300533,721155.2187372543
45,15,20,1.0,8,12,7274.414579057274,0.731784,720991.1316756883
45,15,20,2.0,8,12,7270.289103740028,0.7408252,727754.7194145918
45,15,20,0.5,8,14,6352.030393806227,0.7180345,618927.9803378101
45,15,20,1.0,8,14,6350.628533261532,0.7157277,615545.5560517531
45,15,20,2.0,8,14,6348.505715865278,0.7251591,622056.5006952493
45,15,20,0.5,8,16,5734.250478338245,0.73073083,568674.4579466303
45,15,20,1.0,8,16,5731.566916724114,0.73151183,568036.0463399873
45,15,20,2.0,8,16,5728.322610892106,0.7408953,573631.4397226614
45,15,20,0.5,8,20,5305.361257978342,0.7259426,522727.50135354087
45,15,20,1.0,8,20,5303.859264537596,0.72742796,522492.66853277135
45,15,20,2.0,8,20,5301.536181349244,0.73573935,526905.4672162319
45,15,20,0.5,12,4,13403.579186125773,0.6459936,1173911.7644431228
45,15,20,1.0,12,4,13410.378209767545,0.65188396,1182976.1033017489
45,15,20,2.0,12,4,13409.997704762556,0.6671569,1208033.8352253088
45,15,20,0.5,12,8,10729.880662255777,0.70337105,1024008.5089953372
45,15,20,1.0,12,8,10726.03555904747,0.7069671,1026787.7815516308
45,15,20,2.0,12,8,10721.910083730225,0.71868545,1041008.3391024277
45,15,20,0.5,12,10,9590.608624161167,0.70477474,917085.7304153907
45,15,20,1.0,12,10,9589.206763616472,0.70693433,918013.1908027552
45,15,20,2.0,12,10,9587.08394622022,0.71766305,929594.0393906377
45,15,20,0.5,12,12,8773.804564504882,0.72654974,865054.9665656316
45,15,20,1.0,12,12,8771.121002890752,0.7277,864549.3543393948
45,15,20,2.0,12,12,8767.876697058742,0.7372617,873648.961257788
45,15,20,0.5,12,14,7776.881451434467,0.73532706,776074.7555845525
45,15,20,1.0,12,14,7776.28065405817,0.74159133,781270.1191613986
45,15,20,2.0,12,14,7776.28065405817,0.7508589,789157.3680094124
45,15,20,0.5,12,16,7705.907254714469,0.7237637,756913.2359381132
45,15,20,1.0,12,16,7704.405261273723,0.7242381,755685.1427182558
45,15,20,2.0,12,16,7702.082178085371,0.7327857,762370.5909645599
45,15,20,0.5,12,20,6538.037261508076,0.7520554,667326.4755185443
45,15,20,1.0,12,20,6537.536597027826,0.7519001,665817.0507411725
45,15,20,2.0,12,20,6536.37505543365,0.76155835,672796.7855324246
45,15,20,0.5,18,4,14182.533011075288,0.6602154,1269754.846037228
45,15,20,1.0,18,4,14256.381021911911,0.66380316,1280834.0567959389
45,15,20,2.0,18,4,14330.89992315207,0.67969155,1315417.9460659404
45,15,20,0.5,18,8,12009.93955219621,0.6883726,1121389.918895063
45,15,20,1.0,18,8,12009.338754819913,0.6933775,1127448.2929058648
45,15,20,2.0,18,8,12009.338754819913,0.7066987,1146585.2887708799
45,15,20,0.5,18,10,11265.070965062001,0.7128834,1089716.9315569974
45,15,20,1.0,18,10,11263.568971621256,0.71594226,1092128.0190036388
45,15,20,2.0,18,10,11261.245888432904,0.72759545,1106998.799721825
45,15,20,0.5,18,12,10329.54934384924,0.72353697,1014112.0292873416
45,15,20,1.0,18,12,10329.549343849238,0.7260738,1015816.2295674091
45,15,20,2.0,18,12,10329.54934384924,0.73479354,1025823.1163019139
45,15,20,0.5,18,14,9726.388831204507,0.7420435,979414.0256803257
45,15,20,1.0,18,14,9725.888166724259,0.74337465,979236.7256186953
45,15,20,2.0,18,14,9724.726625130083,0.75315297,989934.0579293128
45,15,20,0.5,18,16,9571.062682852275,0.71138364,923924.9252878109
45,15,20,1.0,18,16,9570.461885475977,0.71300983,924196.014729252
45,15,20,2.0,18,16,9570.461885475976,0.72134143,932710.8170257446
45,15,20,0.5,18,20,8170.64405186015,0.71465373,792464.1233780716
45,15,20,1.0,18,20,8170.644051860149,0.7153927,791755.2203492736
45,15,20,2.0,18,20,8170.64405186015,0.7231958,798449.607927605
