roof_type,azimuth,southern_most_pitch,northern_most_pitch,pitch_change,panel_width,gap,viable_pv_area_m2,avg_fractional_sun,estimated_annual_yield_kwh
waffle,-45,15,20,0.5,8,4,15774.936443663424,0.7062385,1545857.8510990941
waffle,-45,15,20,1.0,8,4,15770.560636106053,0.7150345,1560465.054755253
waffle,-45,15,20,2.0,8,4,15767.0259448755,0.7249122,1576595.9241608502
waffle,-45,15,20,0.5,8,8,13237.779136846746,0.7113498,1306703.201981388
waffle,-45,15,20,1.0,8,8,13231.671030187717,0.7194366,1317336.0380241228
waffle,-45,15,20,2.0,8,8,13225.663056424737,0.73068404,1333055.682172512
waffle,-45,15,20,0.5,8,10,12205.699363973295,0.7150378,1211041.2353406588
waffle,-45,15,20,1.0,8,10,12201.503795628816,0.72500765,1224205.83510778
waffle,-45,15,20,2.0,8,10,12199.431044680588,0.73899037,1243598.5718666571
waffle,-45,15,20,0.5,8,12,11563.106516864209,0.7180238,1152142.1753803326
waffle,-45,15,20,1.0,8,12,11558.280111274615,0.7254035,1160263.8494851044
waffle,-45,15,20,2.0,8,12,11551.811526189806,0.734684,1170809.3936703103
waffle,-45,15,20,0.5,8,14,10480.920242807508,0.718644,1045112.0136797475
waffle,-45,15,20,1.0,8,14,10477.335485128931,0.72611916,1052754.794325703
waffle,-45,15,20,2.0,8,14,10474.391577985072,0.73535883,1062504.4612016669
waffle,-45,15,20,0.5,8,16,9786.819033970476,0.7193881,977081.9720343123
waffle,-45,15,20,1.0,8,16,9782.49329286113,0.72664356,983766.6743569508
waffle,-45,15,20,2.0,8,16,9779.158867422679,0.7367828,993996.9133738877
waffle,-45,15,20,0.5,8,20,8849.27472825751,0.73283327,900130.3342806981
waffle,-45,15,20,1.0,8,20,8845.930289529451,0.7398613,905857.4102283104
waffle,-45,15,20,2.0,8,20,8843.036448833616,0.7428662,906229.473053477
waffle,-45,15,20,0.5,12,4,16675.611817050903,0.6968467,1612277.70187734
waffle,-45,15,20,1.0,12,4,16672.667909907046,0.7107633,1639814.7021715073
waffle,-45,15,20,2.0,12,4,16670.25470711225,0.7212462,1658401.0612766228
waffle,-45,15,20,0.5,12,8,15027.434361363108,0.709465,1479365.1634070738
waffle,-45,15,20,1.0,12,8,15024.190055531099,0.71797454,1492748.4065024853
waffle,-45,15,20,2.0,12,8,15020.374992191606,0.7280709,1508476.19729991
waffle,-45,15,20,0.5,12,10,13995.634960598596,0.6937402,1347060.3217376398
waffle,-45,15,20,1.0,12,10,13990.217770922309,0.70202416,1358904.018782452
waffle,-45,15,20,2.0,12,10,13985.171072961408,0.7118349,1373031.0072917275
waffle,-45,15,20,0.5,12,12,13319.087048439069,0.70799625,1308486.915054882
waffle,-45,15,20,1.0,12,12,13315.322051547602,0.7208738,1328274.8912156215
waffle,-45,15,20,2.0,12,12,13310.035034636181,0.73199266,1343863.6395671393
waffle,-45,15,20,0.5,12,14,12297.961814393453,0.6991673,1192901.266909211
waffle,-45,15,20,1.0,12,14,12293.465847360823,0.7071799,1203005.2520381974
waffle,-45,15,20,2.0,12,14,12292.124066553759,0.71643364,1214826.448967223
waffle,-45,15,20,0.5,12,16,11982.07256722559,0.7361113,1224173.256173694
waffle,-45,15,20,1.0,12,16,11978.848287972793,0.74375665,1233124.8472538898
waffle,-45,15,20,2.0,12,16,11975.473809375919,0.7453133,1231304.1364987076
waffle,-45,15,20,0.5,12,20,10634.363892714007,0.7131381,1052333.2226678305
waffle,-45,15,20,1.0,12,20,10628.696370797597,0.72044617,1059642.6414599842
waffle,-45,15,20,2.0,12,20,10626.563540111738,0.729921,1069972.1845851012
waffle,-45,15,20,0.5,18,4,17172.911831991936,0.6811685,1622751.5866774672
waffle,-45,15,20,1.0,18,4,17171.8303967146,0.69053686,1640584.1421474419
waffle,-45,15,20,2.0,18,4,17170.789014595684,0.7014143,1660976.4596484676
waffle,-45,15,20,0.5,18,8,15967.902547640724,0.68627405,1520247.5833990916
waffle,-45,15,20,1.0,18,8,15965.689610638026,0.6953431,1536055.87775666
waffle,-45,15,20,2.0,18,8,15965.369185370668,0.70573866,1554031.1057241608
waffle,-45,15,20,0.5,18,10,15416.430635936827,0.7143585,1528209.1960106285
waffle,-45,15,20,1.0,18,10,15414.758416572799,0.72306657,1542502.9147892655
waffle,-45,15,20,2.0,18,10,15413.38659589692,0.73296285,1558440.7130775189
waffle,-45,15,20,0.5,18,12,14641.44207367088,0.7090771,1440596.7296503026
waffle,-45,15,20,1.0,18,12,14641.412033802064,0.7202389,1459294.8475522946
waffle,-45,15,20,2.0,18,12,14641.331927485226,0.72833484,1470887.0020526412
waffle,-45,15,20,0.5,18,14,14186.358087704382,0.71298003,1403459.2982247532
waffle,-45,15,20,1.0,18,14,14182.72326357778,0.72133934,1415743.3116617408
waffle,-45,15,20,2.0,18,14,14181.3514429019,0.72669876,1421537.6427044629
waffle,-45,15,20,0.5,18,16,14051.529143173517,0.7106229,1385521.9458313258
waffle,-45,15,20,1.0,18,16,14050.6880268467,0.7221389,1404167.3469107614
waffle,-45,15,20,2.0,18,16,14049.806857361462,0.7318746,1418494.5276399602
waffle,-45,15,20,0.5,18,20,12794.741138275025,0.71408665,1267657.0146447618
waffle,-45,15,20,1.0,18,20,12794.741138275027,0.7254056,1284180.4560271786
waffle,-45,15,20,2.0,18,20,12793.77986247295,0.7349152,1296890.1313032424
waffle,0,15,20,0.5,8,4,15686.909614746168,0.70833284,1577109.3423411082
waffle,0,15,20,1.0,8,4,15685.7680997312,0.71462065,1585023.1413624566
waffle,0,15,20,2.0,8,4,15673.882324970107,0.72136027,1592342.4309025346
waffle,0,15,20,0.5,8,8,13498.495158291245,0.7015903,1344263.9526259005
waffle,0,15,20,1.0,8,8,13498.515184870455,0.7070889,1349631.1694427524
waffle,0,15,20,2.0,8,8,13486.499237344497,0.7132884,1354757.2706577322
waffle,0,15,20,0.5,8,10,12137.518875053083,0.7133843,1229099.0020573777
waffle,0,15,20,1.0,8,10,12135.506203842486,0.71865153,1233321.2880040319
waffle,0,15,20,2.0,8,10,12130.339346406321,0.72286904,1235013.9764507592
waffle,0,15,20,0.5,8,12,11491.95208093132,0.7055281,1150768.7582879034
waffle,0,15,20,1.0,8,12,11489.518851557314,0.71056813,1154340.7934610387
waffle,0,15,20,2.0,8,12,11468.841408523058,0.7162491,1156997.9403006763
waffle,0,15,20,0.5,8,14,10663.14208703868,0.69915164,1058062.7666161703
waffle,0,15,20,1.0,8,14,10661.239562013736,0.70511055,1062799.0313768473
waffle,0,15,20,2.0,8,14,10638.369208555994,0.71063954,1064635.279100578
waffle,0,15,20,0.5,8,16,9484.077236053934,0.737351,992738.4842631969
waffle,0,15,20,1.0,8,16,9482.25481734583,0.74256694,995895.7085269116
waffle,0,15,20,2.0,8,16,9458.94387914547,0.74815786,996975.775091427
waffle,0,15,20,0.5,8,20,9003.03880343137,0.7279891,930495.8915065564
waffle,0,15,20,1.0,8,20,9002.978723693739,0.7328895,933144.1392156027
waffle,0,15,20,2.0,8,20,9002.978723693737,0.73838913,936476.2276305666
waffle,0,15,20,0.5,12,4,16663.325510705614,0.68277836,1614578.987949793
waffle,0,15,20,1.0,12,4,16662.51443424761,0.6960363,1639759.8056088751
waffle,0,15,20,2.0,12,4,16655.35493218006,0.70309955,1649025.6768354098
waffle,0,15,20,0.5,12,8,14937.945592163527,0.6918981,1466865.4797849425
waffle,0,15,20,1.0,12,8,14933.92024974233,0.70147777,1481087.0998271848
waffle,0,15,20,2.0,12,8,14922.414979986223,0.7079569,1487829.8272048656
waffle,0,15,20,0.5,12,10,14059.419615382232,0.6936983,1384177.3061511181
waffle,0,15,20,1.0,12,10,14055.053821114467,0.70472986,1400414.8954378148
waffle,0,15,20,2.0,12,10,14039.683421570842,0.71584886,1415347.8975826497
waffle,0,15,20,0.5,12,12,13155.910481036544,0.7067917,1319846.6510804966
waffle,0,15,20,1.0,12,12,13151.524660189569,0.71251625,1325110.4066947552
waffle,0,15,20,2.0,12,12,13135.022758920584,0.7183585,1329003.8443328468
waffle,0,15,20,0.5,12,14,12646.14392053733,0.6998546,1256176.509347707
waffle,0,15,20,1.0,12,14,12633.15668391969,0.70774513,1264265.6532099573
waffle,0,15,20,2.0,12,14,12633.15668391969,0.7133961,1269332.9560767221
waffle,0,15,20,0.5,12,16,12531.561847587704,0.7064234,1256496.0673084192
waffle,0,15,20,1.0,12,16,12531.501767850075,0.7151972,1267325.278633383
waffle,0,15,20,2.0,12,16,12531.501767850075,0.7211007,1272763.5258574968
waffle,0,15,20,0.5,12,20,10468.774122516685,0.7232321,1074966.6344694507
waffle,0,15,20,1.0,12,20,10467.732740397769,0.7367344,1090826.9365610443
waffle,0,15,20,2.0,12,20,10464.688700357858,0.7406067,1091653.6080193499
waffle,0,15,20,0.5,18,4,17126.890752967513,0.6866653,1669014.5836586512
waffle,0,15,20,1.0,18,4,17126.890752967513,0.7002267,1695639.1381794817
waffle,0,15,20,2.0,18,4,17122.004267640285,0.7075167,1705940.0446014607
waffle,0,15,20,0.5,18,8,15945.45275234639,0.6867209,1554033.6649082268
waffle,0,15,20,1.0,18,8,15935.65975511273,0.6996503,1576443.1700175873
waffle,0,15,20,2.0,18,8,15933.857362983837,0.705932,1584022.8996446228
waffle,0,15,20,0.5,18,10,15712.32334376357,0.69533384,1550467.559742877
waffle,0,15,20,1.0,18,10,15712.253250736338,0.7014794,1558300.2386099277
waffle,0,15,20,2.0,18,10,15712.183157709102,0.7080187,1566660.4976240874
waffle,0,15,20,0.5,18,12,15129.750154546648,0.69740117,1497640.8729552682
waffle,0,15,20,1.0,18,12,15129.710101388231,0.70746624,1513529.1295647526
waffle,0,15,20,2.0,18,12,15119.917104154574,0.7137512,1519883.6186886576
waffle,0,15,20,0.5,18,14,14266.053859670308,0.70015687,1417775.6465748267
waffle,0,15,20,1.0,18,14,14263.250138580917,0.7072354,1426457.689794775
waffle,0,15,20,2.0,18,14,14259.80556695681,0.7130281,1431960.673987757
waffle,0,15,20,0.5,18,16,14319.044188259788,0.6980939,1418598.335098869
waffle,0,15,20,1.0,18,16,14319.034174970184,0.70297897,1423140.5726837486
waffle,0,15,20,2.0,18,16,14319.014148390974,0.7089282,1429642.2720011226
waffle,0,15,20,0.5,18,20,12242.738522222066,0.7213557,1253673.5580907927
waffle,0,15,20,1.0,18,20,12242.698469063645,0.7302073,1263865.0910453
waffle,0,15,20,2.0,18,20,12242.668429194831,0.7365989,1269784.2248220684
waffle,45,15,20,0.5,8,4,15671.559241781757,0.69809616,1484234.7789522687
waffle,45,15,20,1.0,8,4,15669.476477543922,0.7060319,1498006.821367141
waffle,45,15,20,2.0,8,4,15666.412410924804,0.7291151,1543385.793246286
waffle,45,15,20,0.5,8,8,13175.03586418203,0.70488596,1260043.2061680409
waffle,45,15,20,1.0,8,8,13173.443751134839,0.7125094,1271072.1843960383
waffle,45,15,20,2.0,8,8,13172.913046785778,0.7357482,1309622.443807724
waffle,45,15,20,0.5,8,10,12305.992472656635,0.71959263,1201599.9219675008
waffle,45,15,20,1.0,8,10,12303.088618671196,0.7270978,1211556.5185843795
waffle,45,15,20,2.0,8,10,12300.344977319433,0.74711645,1241806.5160041035
waffle,45,15,20,0.5,8,12,11305.544681645273,0.7290507,1118562.5686142046
waffle,45,15,20,1.0,8,12,11299.606800909529,0.7363194,1126885.002957479
waffle,45,15,20,2.0,8,12,11294.65022255507,0.74657,1139418.4630041888
waffle,45,15,20,0.5,8,14,10424.635541937994,0.72048134,1019205.360186574
waffle,45,15,20,1.0,8,14,10421.311129789148,0.7274525,1026735.0996355333
waffle,45,15,20,2.0,8,14,10415.423315501426,0.7425006,1045040.7797383441
waffle,45,15,20,0.5,8,16,9715.794770802453,0.7154536,943252.5944230482
waffle,45,15,20,1.0,8,16,9713.381568007655,0.72166353,949464.2597106596
waffle,45,15,20,2.0,8,16,9710.187328623671,0.74497366,977650.8197772506
waffle,45,15,20,0.5,8,20,8954.013737525454,0.7240198,879788.4852027582
waffle,45,15,20,1.0,8,20,8948.906959826922,0.7332723,888727.8170307763
waffle,45,15,20,2.0,8,20,8943.6199429155,0.74240863,897125.7049961018
waffle,45,15,20,0.5,12,4,16619.076783941266,0.69882023,1575634.0565312437
waffle,45,15,20,1.0,12,4,16616.98400641383,0.7075586,1592095.6168566672
waffle,45,15,20,2.0,12,4,16614.300444799697,0.7219865,1620672.6614668411
waffle,45,15,20,0.5,12,8,14893.827038164047,0.71038735,1435615.303629258
waffle,45,15,20,1.0,12,8,14888.20958269566,0.7181017,1447828.8838116238
waffle,45,15,20,2.0,12,8,14884.654864885897,0.72880656,1465705.1811522169
waffle,45,15,20,0.5,12,10,14074.419523210468,0.7134933,1362611.5049734365
waffle,45,15,20,1.0,12,10,14071.33543001214,0.721067,1374159.4337124976
waffle,45,15,20,2.0,12,10,14065.998346652696,0.73148704,1390308.9871965633
waffle,45,15,20,0.5,12,12,13178.240116855619,0.70631886,1262921.3970787392
waffle,45,15,20,1.0,12,12,13175.897007088055,0.71821296,1281594.1039701682
waffle,45,15,20,2.0,12,12,13168.68743857248,0.7292329,1297644.3634462755
waffle,45,15,20,0.5,12,14,12425.801482780054,0.71974885,1213596.0670251641
waffle,45,15,20,1.0,12,14,12423.69869196301,0.70988715,1194362.2372983682
waffle,45,15,20,2.0,12,14,12421.635954304387,0.7200928,1208556.3970430028
waffle,45,15,20,0.5,12,16,12122.458887487212,0.71261656,1172200.83090349
waffle,45,15,20,1.0,12,16,12120.015644823603,0.7200521,1181869.6877667024
waffle,45,15,20,2.0,12,16,12116.921538335668,0.7298229,1194729.278513324
waffle,45,15,20,0.5,12,20,10626.32322116122,0.7146949,1030483.2824717957
waffle,45,15,20,1.0,12,20,10624.070231000103,0.72135556,1037858.8599368578
waffle,45,15,20,2.0,12,20,10620.785872009676,0.73406637,1053498.4921838995
waffle,45,15,20,0.5,18,4,17207.55781402512,0.6985058,1630692.829316635
waffle,45,15,20,1.0,18,4,17206.356219272522,0.7067715,1646724.2154866275
waffle,45,15,20,2.0,18,4,17205.314837153604,0.7185853,1670371.597330233
waffle,45,15,20,0.5,18,8,16041.209840838681,0.6973643,1517629.0509990193
waffle,45,15,20,1.0,18,8,16039.667794239513,0.70545006,1532193.194111514
waffle,45,15,20,2.0,18,8,16037.685162897733,0.7169638,1553518.7106153555
waffle,45,15,20,0.5,18,10,15409.010788339547,0.6929899,1448637.402516151
waffle,45,15,20,1.0,18,10,15405.586243294649,0.70076823,1461775.2029689553
waffle,45,15,20,2.0,18,10,15404.134316301926,0.71166575,1480964.139646258
waffle,45,15,20,0.5,18,12,14880.889867994429,0.70620024,1425810.4474893578
waffle,45,15,20,1.0,18,12,14880.359163645368,0.71333,1437435.6502089668
waffle,45,15,20,2.0,18,12,14878.726997439757,0.72423685,1456020.8480771298
waffle,45,15,20,0.5,18,14,14378.232743114742,0.714267,1393461.823299848
waffle,45,15,20,1.0,18,14,14375.849580188758,0.72128844,1404231.2816705296
waffle,45,15,20,2.0,18,14,14374.99845057234,0.73499745,1427706.0738733185
waffle,45,15,20,0.5,18,16,13767.69243603115,0.72151446,1347994.8097881149
waffle,45,15,20,1.0,18,16,13766.811266545914,0.7291643,1359585.4825075099
waffle,45,15,20,2.0,18,16,13766.04024324633,0.74051595,1377461.5408742188
waffle,45,15,20,0.5,18,20,12631.584597451709,0.71132904,1219234.0086316639
waffle,45,15,20,1.0,18,20,12631.424384818032,0.71844447,1229053.8025901401
waffle,45,15,20,2.0,18,20,12631.334265211584,0.7392941,1261873.5487159546
